time,v,w
29.297,0.01501288808706704,0.0864027163029389
29.346,0.025882646730430864,-0.06652345557743168
29.396,0.029271684365474678,-0.058201326397961654
29.446,-0.0006444062043653997,0.043531156610424566
29.497,0.03609129434484678,-0.009254414207717051
29.546,0.0057249163092888775,-0.013381392567360484
29.597,0.021318901757498385,0.022776763004272015
29.646,0.01696384850328437,-0.013199699927760364
29.696,0.02065235162130173,0.0041973754590162
29.747,0.027428257080133717,0.0505070378040159
29.797,0.038508262391193294,-0.0025010499982704546
29.847,0.022810829164326696,-0.028520803271104338
29.896,0.008511472723311701,-0.0034519220441760054
29.946,0.03173933466518701,-0.032651342185458655
29.996,0.012284695755414082,-0.03796309807190346
30.046,0.02472679355611504,0.091227952194974
30.096,0.02679139690634949,-0.010964731974583228
30.146,0.016182015700632886,0.058826681953837334
30.196,0.024637619420101328,-0.022680738812749242
30.246,0.01758199679871904,-0.01708722217753144
30.296,0.03251877306939585,-0.03085247053083085
30.346,0.02668952073483096,0.015123175512290704
30.397,0.0226230276173336,-0.008192250014881837
30.446,0.03129573488433386,0.010783017270959634
30.496,0.029947624850752756,-0.10623457303597564
30.546,0.032872856174114486,0.013934148845863964
30.597,0.014221501071897076,-0.07495837830703535
30.646,0.035534884059199884,0.13259830988719729
30.697,0.029949217438334008,-0.015251209833603294
30.746,0.026309480514410257,-0.04756288932766298
30.797,0.011064547536500428,-0.0455043602927127
30.847,0.021545199705269236,-0.005035620880962193
30.896,0.009515887527929503,0.040955447533373844
30.946,0.0011911750667879042,0.03428188495694295
30.997,0.028499699586560685,-0.0018380061880173698
31.046,0.0321731171101184,-0.05454170273843112
31.097,0.034706668464358936,0.025705896570651688
31.146,0.02921004933643457,-0.030146761329636004
31.197,0.022394891841548557,0.06914077984091586
31.246,0.03265545236475021,-0.12129456958241211
31.297,0.008523815943618411,-0.026510212822732408
31.347,0.025433176145519938,0.055052095355700104
31.397,0.02404267691570788,0.03596059335366119
31.447,0.031782865861745,0.054121834302682734
31.496,0.027380215480101264,0.04857595258401468
31.546,0.027082516931318024,-0.03694186104053557
31.596,0.019891892030373053,0.05663614150460213
31.647,0.02558615644132011,0.05050222692210476
31.697,0.02090914561891166,-0.05208601446809673
31.747,0.02754354570161482,0.008526810866320645
31.797,0.02163768321532006,-0.012618246544923554
31.846,0.021013951000145394,-0.021357121460304395
31.897,0.019996286164057957,-0.005055541862413762
31.947,0.03112401531744348,0.0045742220151739725
31.997,0.023595978490111597,-0.02737573068375147
32.046,0.02559112183915485,-0.05628679432805362
32.097,0.036445756599252,0.005971256002171193
32.146,0.007326826331022881,-0.014994100802087393
32.197,0.02447911873961621,-0.12591870698818147
32.246,0.010969702455359378,0.10815651046009037
32.296,0.01272687206267545,-0.030353740684874224
32.346,0.020719353695548448,0.009392024415589523
32.396,0.010963375395556496,0.0050449454624927285
32.447,0.026827996421948636,0.05949242441526791
32.496,0.03189960624125352,0.05405199359536786
32.547,0.019266011895426594,-0.009331332976999231
32.596,0.012212569956785817,0.0890485281759836
32.646,0.03488940170122584,-0.02796154487782602
32.697,0.010085320071252317,0.023838486771820794
32.746,0.01644620517783066,-0.021874145057025035
32.796,0.014883723245525664,0.012753230851625452
32.846,-0.0018717211401462139,-0.02486818737973451
32.897,0.02080393265293609,0.08606088973096805
32.947,0.014350343968337674,0.00606389459712138
32.997,0.03565329766897568,0.04349954326506924
33.046,0.012954100190467846,0.060522506069156747
33.097,0.03249438498696086,0.008500942562200967
33.146,0.02284980612074509,0.041848192387839316
33.197,0.02078745016343588,0.018545733470699575
33.246,0.017997220870406144,-0.0006515222192630328
33.297,0.024938131898236737,-0.059089820405088124
33.346,0.035492597168976195,0.0022107948596378425
33.397,0.010259710283580059,0.06501294034505398
33.446,0.016457810793750027,0.0005752943379826085
33.497,0.024108674167881657,-0.04397418087310198
33.547,0.020691386285034353,0.06185707997410879
33.597,0.02410081496143909,-0.023634070139177028
33.646,0.012559218357986663,-0.03306383267328389
33.696,0.023449032796856943,0.0029868644592899265
33.746,0.0175604648272642,-0.013111777817920252
33.797,0.026362232465962473,-0.04119389013080357
33.846,0.026861102088363377,0.0017440020191042344
33.897,0.018166776839342817,-0.04766383712905002
33.946,0.0314439003364095,0.02572535835612681
33.997,0.03668338957443062,-0.05090422213423999
34.046,0.03714140211009133,0.014927016416662673
34.096,0.06507653957784687,0.02057907781757097
34.147,0.08158264312685283,-0.024476923471434417
34.197,0.09598886025472943,0.045287340042090736
34.246,0.08863293521188662,0.01182155623431515
34.297,0.11642858709395139,0.06311639475381495
34.346,0.13329594078384605,0.042482271033215904
34.396,0.14568555815610307,0.01933808091442385
34.447,0.15728309511709643,-0.05403096577605739
34.496,0.16618628071140124,-0.017264169072021864
34.546,0.18459621611214702,0.002180327346796538
34.596,0.1970181188291917,0.005121285200536853
34.646,0.19702806129923764,-0.029831968820852223
34.696,0.20324695092404862,-0.06993528322309729
34.747,0.21916145789199878,0.025490519188969597
34.796,0.22460330088819708,-0.038657616947905114
34.846,0.24695481856465748,-0.08125440414004871
34.897,0.2666191040950503,0.09731240988371885
34.946,0.26989869604150646,0.0392154264484497
34.997,0.2681681713156107,-0.0068617660242264586
35.046,0.29680072710404454,0.042721476353958864
35.096,0.3034781609660926,0.0292574149135491
35.146,0.3376583753721271,0.013620080686412194
35.197,0.32777702756872884,0.045940502634958094
35.246,0.3285461339173463,0.03259856912281819
35.296,0.3499293812164478,-0.013675706280426699
35.346,0.3855232919741083,0.01929841589348538
35.396,0.38079801734408936,0.059364836860238135
35.446,0.39462378973617135,0.06189431911921831
35.497,0.3885372885145835,0.04087083719022664
35.546,0.4268128367999877,-0.0007275191339393578
35.597,0.45090253199117875,0.010550038429605817
35.646,0.44201719794403654,0.008398196015986886
35.697,0.46288505962580423,-0.008467944225570805
35.746,0.46675583816754,-0.06255623602354698
35.797,0.4779868044935016,-0.0316605879109611
35.847,0.46623008704461166,-0.02599335978510126
35.896,0.5092372435599287,-0.08568841493853514
35.946,0.5024245869957076,-0.04459672173761757
35.996,0.49430699833699693,0.08177211165367747
36.046,0.5068115249758479,0.03255640217120703
36.097,0.5226237310017059,-0.002927127752560186
36.146,0.5376420659662287,0.009838295916150801
36.197,0.5261491306797363,0.04068967694284077
36.247,0.5086183892441651,-0.023144719307737212
36.296,0.5031548335643963,0.007145396543963425
36.346,0.5130931480651193,-0.006326704126908374
36.396,0.5092911317160471,-0.03057668704138283
36.446,0.518581996740544,-0.014463227719502906
36.496,0.519988440831578,-0.08208838776075113
36.546,0.5216165663253782,-0.04163049208256892
36.597,0.5166136391162329,0.08947749415374691
36.646,0.516336495554665,-0.11320583860882129
36.696,0.525686339336776,0.018667190261708225
36.746,0.5146719480212736,0.06349657547286786
36.797,0.5083623228824906,0.05149206254196953
36.846,0.5142585717887272,0.018675398624892293
36.897,0.5175276903122135,0.03756821776967518
36.946,0.5219919692368289,0.08864797520794278
36.997,0.5082553139417656,-0.06913137787943031
37.046,0.505311339555257,0.009771775919815736
37.097,0.5174589383577642,-0.014554698761017788
37.147,0.5127490454774464,-0.058463151180704796
37.197,0.5201816520869565,-0.030809203210576917
37.246,0.5234889845757441,-0.05694442852514573
37.297,0.5153460548712836,0.050971332377211895
37.347,0.49970828897089026,0.022749780483304106
37.397,0.5001742715214297,0.03560949106806869
37.446,0.5269837677609877,-0.03473435331697168
37.497,0.5210247160434001,-0.08412634065410936
37.546,0.5235146962977106,0.04364153474670513
37.597,0.5370975801418202,-0.06599553448953742
37.646,0.5104034369349585,-0.01356414582311206
37.697,0.5132422910466492,0.04805996624831285
37.746,0.5051536595609795,0.006446064765517958
37.797,0.505250991032488,-0.00804864984191644
37.846,0.4974747748081213,-0.02000846174699758
37.897,0.5155112842266726,0.08030098078868093
37.946,0.5153141014198129,-0.013497330442858802
37.997,0.5120661681988066,-0.04783788936064415
38.047,0.5109942597707905,0.09217764592823163
38.097,0.4953291959418621,0.030710349341496072
38.146,0.5311968123836488,-0.05420049682694037
38.196,0.5106735352309133,-0.016168854520045888
38.246,0.5103287032762445,-0.001999201551107842
38.296,0.5120467569377418,-0.007062157297863774
38.346,0.5030510127668933,0.10966858278159745
38.397,0.5187556806275607,-0.10549500583763151
38.446,0.5270688052263134,0.008734551845496284
38.496,0.5079620920954029,-0.047303824513968494
38.546,0.5313937011934228,0.047118569010423515
38.597,0.5259602615383633,0.043095092771162725
38.646,0.5111750821044396,0.07856958091091408
38.697,0.502557979324977,0.054188806896192585
38.746,0.5060755917928065,0.008892955373388661
38.796,0.5114355420015833,-0.0779074316040251
38.846,0.5254660019695967,0.017299174279782722
38.897,0.5075455985263547,0.015035751873646676
38.946,0.527527883176938,-0.045788073370228256
38.997,0.5203291675733065,-0.009336573388247102
39.047,0.4963425283003559,-0.02467787565332322
39.097,0.5149895254507469,0.029947834157033715
39.146,0.509082732368776,-0.04784962088082388
39.197,0.5196300985400159,0.056050623989279014
39.246,0.50335569257931,-0.04854807186902631
39.297,0.535907809794402,0.0904655077617538
39.346,0.5429412325703549,0.045548829523224074
39.397,0.5388524351581185,0.08654733676522017
39.447,0.5418529374850665,0.0195036137327888
39.496,0.5321635875541191,-0.03407873134426761
39.546,0.531500712837393,-0.13290990278234158
39.596,0.5282154668439267,0.03986073679545587
39.646,0.5333595073826463,-0.005810152864531946
39.697,0.5492762925318799,0.00626752018247834
39.746,0.5467593878214744,-0.04071033711332139
39.797,0.5549196928158162,0.10819967304693492
39.846,0.5318259991877496,0.05701327762314663
39.897,0.5172131913575135,0.0005963823659596548
39.947,0.5227899333610038,-0.0008959039136675123
39.997,0.5364658798127792,-0.04091289636217267
40.046,0.5413884024457944,-0.024315275192255008
40.096,0.5341631499240671,0.012021919128932246
40.146,0.5302689511358677,0.04244758785373804
40.197,0.5307050292419327,0.061919552020892006
40.246,0.5387946249626044,0.0250896100435446
40.297,0.5328252784617523,0.05783248375816428
40.346,0.5373714412768508,-0.025514634655662
40.397,0.5260978623076913,-0.08139231107092121
40.446,0.5278671913513917,-0.0472386327056808
40.497,0.5292083493978434,0.0077936482808523755
40.546,0.5513476211624658,0.012875582419952432
40.597,0.5316313095647353,0.024000657431784256
40.647,0.5440319608815134,-0.03813323261520269
40.697,0.5261598992157543,-0.07411070840416337
40.746,0.5328338155535334,0.07678895246673477
40.797,0.5190904268113932,-0.13798346081269
40.846,0.542304606896326,-0.028760764043818995
40.897,0.5409111749217772,-0.03567235343355496
40.946,0.5477784433899028,-0.041840595975672246
40.997,0.533095136622979,-0.0288298113552469
41.046,0.54706642693747,0.03364766300480635
41.096,0.5355674469755421,0.05277223861087558
41.146,0.5427230904687654,0.07302441457296933
41.197,0.5405837754833873,0.15033519293034914
41.246,0.5189733959500503,0.21368646884709352
41.297,0.531771612235882,0.13833097600539157
41.347,0.5372027876530756,0.1947128065431794
41.397,0.5192529264706524,0.14349355815068932
41.446,0.537872896377398,0.4257133483906315
41.497,0.5335189392056993,0.3160582348628077
41.547,0.5243012670705754,0.3960180049426452
41.597,0.5348931115883703,0.39502744206823287
41.646,0.529968734748959,0.464067307310185
41.696,0.53566562599778,0.4667102941661599
41.747,0.5416598246530413,0.3942293394962928
41.797,0.538326823773334,0.420725815915702
41.846,0.5245656232192009,0.2997652350601278
41.897,0.5400542621720182,0.29105251855216974
41.946,0.5212742715519703,0.20490600030187311
41.997,0.5349709128042994,0.21965354630496148
42.046,0.5449041047853515,0.20939220849563495
42.097,0.525519501415287,0.11639348576179036
42.146,0.5326598886238288,0.06481529134594548
42.196,0.5545895669336997,-0.00853907178215896
42.246,0.531785819707165,-0.030744667980567013
42.297,0.5516714339464727,-0.05409335618236277
42.346,0.5412789430858727,0.04504622719836974
42.397,0.5218328660442274,-0.01847349427734841
42.446,0.5448494612715769,-0.04781276864412964
42.497,0.5355603781437561,0.10010386620510947
42.547,0.543509541889027,0.13756523708848495
42.596,0.5246245173060226,0.09143975570701363
42.646,0.5428038404651032,0.1125261185718484
42.697,0.559798438280254,0.084982092192443
42.746,0.5324378750884321,0.2794832843637233
42.797,0.5348799528492373,0.23135771412265027
42.846,0.548674870043721,0.4089718075942672
42.896,0.5318932285292877,0.2773396491846557
42.946,0.5501028830262777,0.4412561089192704
42.997,0.5378969710105714,0.4408001922872461
43.046,0.528918167527996,0.6454431930589237
43.097,0.5462530135387037,0.5286001948117384
43.147,0.5253424768578585,0.6726030095333135
43.197,0.5344270287362534,0.6500355004214633
43.246,0.5503928146770157,0.6330340616548981
43.296,0.5277313833225764,0.718470506184023
43.346,0.5150485084511298,0.5921012497033449
43.396,0.5335569002276528,0.5629103053134636
43.447,0.5373262664684018,0.5167921640605624
43.497,0.5511780778469763,0.4276236739077892
43.547,0.5310416658301433,0.42261633509675184
43.596,0.535272891047154,0.34041917732213417
43.647,0.5406842898457022,0.26396050579375296
43.697,0.5331215834035409,0.2532362677889358
43.746,0.5334247181069308,0.11258262029686472
43.797,0.5331683095718774,0.20486679523846818
43.847,0.5312794003263898,0.13156193380607617
43.897,0.5398629169713686,0.010059573289617499
43.946,0.5423298499667693,0.004855046538080221
43.997,0.5342922035929548,0.15666714368616852
44.046,0.5366870077030436,0.12566699647407703
44.096,0.5260172511834232,0.1769930629577563
44.146,0.5515799933374131,0.3327351762737019
44.197,0.5402378824185936,0.31299150227617756
44.246,0.5450609443698058,0.33012126085151317
44.297,0.4844657156066194,0.438133421751398
44.346,0.4942120780130448,0.4616087090310161
44.397,0.5093810321460959,0.47982832801997555
44.446,0.4906672750398364,0.5543347551421332
44.497,0.5024181763699966,0.6437121024224394
44.546,0.5150220277624163,0.6402529198867803
44.597,0.5003222683503111,0.6342226111357353
44.646,0.4953366635872202,0.6124464279949934
44.697,0.492462044573367,0.6316053138175336
44.746,0.4714709908535946,0.5886270306583353
44.797,0.4818565895473109,0.4739531118105554
44.846,0.47954562219709773,0.38319952217927905
44.896,0.4966616373707902,0.33270402216485884
44.946,0.5112188849810505,0.20469684997544912
44.997,0.5096354226094645,0.25732524183514066
45.046,0.5024566714252093,0.2371333497568108
45.097,0.5166960203498328,0.11126675043139053
45.146,0.5009051109669979,0.11537621953824004
45.197,0.49010150715697737,0.007318911871535529
45.246,0.5003441207673031,0.04141855486810721
45.297,0.4974601440808886,-0.07848493966672321
45.346,0.4978980403098191,0.03292625808093924
45.397,0.49833760654846654,0.027188018428341836
45.446,0.4743135956265022,0.0006904995986820377
45.496,0.49429940758037794,-0.024378221745808462
45.546,0.5082524338211295,0.03099660125908613
45.597,0.49756178237173143,0.038862798486361
45.646,0.5094564067651901,0.0914521402805111
45.697,0.49778398044257727,0.05640580996934351
45.746,0.4910954458464097,0.23009904543134102
45.797,0.504811844420742,0.21924455067663573
45.846,0.49170197579395597,0.11000724793337324
45.896,0.5004386357700543,0.09908853027593359
45.946,0.5177985791425596,-0.014048095327746167
45.997,0.4942160692677316,0.012664514508802396
46.046,0.5149963853907055,-0.01143840429413203
46.096,0.49812996829477807,0.019041596943488705
46.146,0.49464827883746815,0.0010108687443659268
46.197,0.4815241780202649,0.016424290268356383
46.246,0.4781785311275882,-0.036236501981132166
46.296,0.48149773414661695,0.06250110893517248
46.346,0.5091824077790347,0.03149069605352486
46.396,0.5069133777336002,0.10557433271252618
46.446,0.4961169293263475,0.019166396515227224
46.497,0.48922366456971894,0.12297108775781651
46.546,0.5138075870118001,0.22280163923255986
46.597,0.502832777078575,0.330756391896919
46.646,0.5050020493849471,0.1806498186783388
46.696,0.5115831712887039,0.315589912352556
46.746,0.49252384604084637,0.40315340156978285
46.797,0.5107578653266496,0.4072072525666347
46.847,0.4949268185839776,0.430774451399726
46.897,0.5195440553968064,0.5073867926343707
46.946,0.5330317491842321,0.6104042008987547
46.997,0.5347891872074972,0.6244152639985763
47.046,0.5284668132366993,0.6167928016915831
47.097,0.513863695613809,0.5892246372392406
47.146,0.4928061904590362,0.5724736249738418
47.196,0.48545284999065424,0.5795260874342026
47.246,0.49253254096453314,0.5056613733294452
47.297,0.477219748178511,0.5008984961620355
47.346,0.4984097696580043,0.32129832948548265
47.397,0.5033353033564164,0.2941080600173266
47.446,0.49944838970912353,0.2653944683214996
47.496,0.4920355933556089,0.29119859881687143
47.547,0.5150010327641165,0.25227287466835296
47.597,0.4894032230910268,0.2711764674311035
47.646,0.48832055636041916,0.13819437059434075
47.697,0.5114372523660392,0.09845080736343259
47.746,0.5103253245791541,0.04876102954807124
47.796,0.5113606015894562,-0.08752537645051263
47.846,0.5021682135086919,-0.11127214312624872
47.897,0.5008746964689763,-0.14346555777242062
47.946,0.5190040146179351,-0.11891493826035085
47.997,0.489305192299805,-0.1780595541261392
48.046,0.5120181143808552,-0.29631685226089954
48.097,0.5063875760077351,-0.3366548932536393
48.147,0.5265003777912237,-0.3864469100583563
48.197,0.5050316996297282,-0.3189732764194673
48.246,0.49740061428979293,-0.42989498521009567
48.297,0.49240452148396113,-0.4422346634030294
48.347,0.4902974041470272,-0.4808870340576342
48.397,0.5003388347715668,-0.5089830472202561
48.447,0.5067627721155545,-0.3730774452882945
48.496,0.4868953120358195,-0.3358224913230537
48.545,0.49463006934739384,-0.2072380243788584
48.596,0.5008147376408135,-0.3245712486859156
48.646,0.5063123659941692,-0.2301082356111583
48.697,0.5204968370968768,-0.16094318116884052
48.746,0.505326455972226,-0.16040296767611226
48.797,0.5047310547099457,-0.07936222247900214
48.847,0.5069157541151341,-0.1515165459483783
48.897,0.5015076891388416,-0.002607454573527142
48.946,0.49938028903177956,-0.09462761007640928
48.996,0.5169130058493919,-0.016918008702120294
49.047,0.5010829152489364,-0.018719225046268086
49.097,0.49266442459013016,-0.003931743008307462
49.146,0.5038374183624902,-0.07271812345503703
49.197,0.48560182492696236,0.04857460862834909
49.246,0.49674324909464596,0.03347050726796735
49.297,0.47469907223731134,0.1352513041501789
49.346,0.484644594334477,-0.024357016870857895
49.397,0.47683654018340477,0.24171798090472865
49.446,0.47534177286979196,0.20082120374380658
49.496,0.47394837443432414,0.21395136138215298
49.546,0.48049744738337624,0.32118983361187137
49.597,0.4907206554440848,0.3677192544471899
49.647,0.464475667596382,0.29507201644625214
49.696,0.471806275562555,0.38933179663936296
49.746,0.4635829081070435,0.32858012542810766
49.797,0.4756704677872801,0.33514618414797065
49.846,0.4849531531498251,0.3276524196171957
49.897,0.4727706754139803,0.25078357565326515
49.946,0.46710356069543235,0.2571150487323293
49.997,0.4906892761523469,0.14189042038213817
50.046,0.4749556132441529,0.09140284894581564
50.097,0.47959716064057367,0.07576951413838648
50.146,0.4679455933848805,0.09586332154398548
50.196,0.48005689718399874,0.0027379438179877995
50.246,0.47894903990388,-0.008742362048353014
50.296,0.47130687791864756,0.06974703902731247
50.346,0.4757853432654872,-0.047423925409756644
50.397,0.4822459099423936,0.1009976389928796
50.446,0.48112242674222305,0.015618274562224324
50.496,0.47825168046027833,0.01410918088390554
50.546,0.4758507881388179,0.0713277653588068
50.597,0.4948872591829262,-0.09060567668736824
50.647,0.46611958317518504,0.06662447320602377
50.696,0.4709781103115311,-0.06494128214854708
50.747,0.47576509825598307,-0.0051465685159075795
50.797,0.4820178897818706,-0.06597587750607035
50.846,0.4592902890614784,-0.06486892696213259
50.897,0.48989944896355225,0.07707239918737409
50.947,0.4782662026800845,-0.03772596060306955
50.996,0.47538370882132674,0.006507771973152634
51.046,0.4753127891226523,-0.06453985423581218
51.096,0.4818631535137836,0.023265711577784304
51.146,0.46965106655744693,0.036388624134293744
51.197,0.4957079250907595,0.01816834899420797
51.246,0.4722423286666338,-0.048836013646133804
51.297,0.4679121595091017,-0.09450729777143055
51.347,0.4751597906831074,0.006926416646058994
51.397,0.4713840004076953,0.03826264131767918
51.446,0.4619721371970256,-0.10941261973774084
51.497,0.49840338713904614,-0.08553471402880963
51.546,0.4779681723535968,-0.056883228422842165
51.597,0.48669942183662135,-0.07659475558967795
51.646,0.4483653677470678,-0.005668259069114147
51.697,0.4944775524370513,-0.04473645027290588
51.747,0.474676420351114,0.025776038214814733
51.797,0.4854789144466376,-0.025759726685377494
51.846,0.48070128606082274,-0.0009289753461686511
51.897,0.4800183138897149,-0.06687481935412896
51.946,0.4819510061249598,0.01330026712533871
51.997,0.4854353501142051,-0.00712376208537868
52.046,0.4915811857047658,-0.08381143143430823
52.096,0.4709909201129324,-0.0257297432157304
52.146,0.47473265632414985,0.06761220390478209
52.197,0.48309562667118944,0.056731488436546594
52.246,0.48869216370232726,-0.07837617273391095
52.297,0.4730991520838518,-0.009688110235517093
52.346,0.4870344721656851,0.017207465830178355
52.396,0.4923571950940595,0.09069909446493768
52.446,0.48536882324212766,-0.012938931266875505
52.496,0.4753676001389984,0.040596434349278725
52.547,0.48363116265802847,0.008645503454649725
52.597,0.4706051364394805,0.0008978164603699071
52.647,0.48533911287410814,0.036299988159659236
52.697,0.48585190670704803,-0.03562971548282678
52.746,0.47454963376294446,-0.0770830670258602
52.797,0.4781317009464713,-0.15013976904161458
52.846,0.4911371409807875,-0.11112327486382281
52.896,0.4814362391739424,-0.18295376097243699
52.946,0.48295518698461437,-0.11198003132801926
52.997,0.4844544872933588,-0.09628797582313878
53.047,0.4722172296539608,0.09464692566041805
53.097,0.4857650398781188,-0.022254064072176456
53.146,0.5069670142316421,-0.016100230997006425
53.196,0.48380189787647626,0.007594055332453502
53.247,0.4661836071213854,-0.027693614917977158
53.297,0.48364288707258746,-0.03774614593141549
53.346,0.46272181458370404,0.04132932708141715
53.397,0.46848751652724174,0.04990714804136702
53.447,0.47522779088929507,-0.06355834208910517
53.497,0.4770982946636689,0.07157215957910339
53.546,0.4948143474263521,0.06167216339548175
53.597,0.4866671982492429,0.007819396590806382
53.646,0.4664419742035631,-0.05505826225606683
53.697,0.4843093112572394,-0.07741129007180614
53.746,0.47049231694634386,-0.21584135517827924
53.797,0.4765659485383308,-0.1387087982499181
53.847,0.48051651812512747,-0.06501736103897265
53.896,0.4907786533670096,-0.03607497763137442
53.946,0.47078139390603685,-0.061902721795131455
53.997,0.4854987940697137,-0.033387984775722926
54.046,0.48124858887380817,-0.021767736843061936
54.096,0.49144044353650806,0.02622392720492737
54.146,0.4786868566438614,-0.017213117168255698
54.196,0.48452122699094224,0.06254892641211894
54.246,0.48206741934228203,-0.008931525282859594
54.297,0.5020084132990628,-0.0094370015713515
54.347,0.47219967255022083,0.06452477177734181
54.397,0.48079746212971836,-0.04848455577723547
54.446,0.48446714859643214,-0.0970152221416615
54.497,0.5021396564699391,0.015259513826127046
54.546,0.490410751786509,-0.0010360151115577996
54.597,0.48894703074581636,-0.03799866881288114
54.647,0.5061161190964893,0.03688427580014377
54.697,0.5041582291480888,-0.049164522259966544
54.746,0.5003175022962434,0.050209648659826966
54.796,0.4828402299045793,-0.011352168938881383
54.847,0.4974352698120803,0.035192995910459726
54.897,0.49284356182340594,0.02704317087637411
54.946,0.4768708481217984,-0.06683632267160032
54.996,0.49746984803951205,-0.03210289989061172
55.047,0.49064282884427246,0.04784699907995226
55.097,0.49017968555467106,0.03228540349047906
55.146,0.4972077762424412,0.028192612033725195
55.197,0.4792949950924838,0.12617311022873562
55.247,0.4879200799612283,-0.01202280850420601
55.297,0.5031471276366408,-0.031144710126563797
55.346,0.4977267134044179,0.07600663625364448
55.397,0.4872063945708386,-0.04378038596829302
55.446,0.48911780571248037,0.05520062745420268
55.497,0.49270007745284866,-0.052477548948795874
55.547,0.5052263780200248,-0.07580817401559112
55.597,0.4958067648949224,-0.02469458623250547
55.646,0.5026687262016729,0.02345634111824578
55.696,0.4951427702010637,-0.03845755745038017
55.746,0.4863258570404568,-0.04960623503527509
55.797,0.48596000112071575,-0.11072071803995268
55.846,0.48389266405319076,-0.19142372362418186
55.897,0.4746439904689289,-0.17496676166463662
55.946,0.49106338836751656,-0.1555244556189384
55.997,0.5033377308823679,-0.23397650701526687
56.046,0.4852285237821503,-0.0863765222018105
56.097,0.5034589441053233,0.0067851318261324955
56.147,0.4660701696601769,-0.12003059463875157
56.196,0.504546520930585,0.005816771721482009
56.246,0.5140453224075302,-0.032204385660948985
56.297,0.5004901783683003,-0.022082794591000147
56.346,0.4830745526535762,0.01646505758545882
56.397,0.46458483435264614,-0.0746000969208165
56.446,0.4877129035399739,-0.006296645791081101
56.497,0.49540626700797774,0.041682861557418766
56.546,0.4816431479402783,0.009580800750436203
56.596,0.4916544007675221,-0.06146084009194552
56.646,0.4809201833956858,-0.006038294672447459
56.697,0.48924661819304993,-0.03800628075124004
56.746,0.4960254810629486,-0.01401734734664118
56.796,0.4888788045308047,-0.059038230069008366
56.847,0.483102095429137,-0.023188378077634842
56.896,0.4668395991845693,-0.1145637583169506
56.946,0.4988193931395977,-0.046733868463331274
56.997,0.48967361518899405,0.053224344740430245
57.046,0.482986345933436,0.05139289894902731
57.097,0.4792571862619843,-0.0006889873874407423
57.146,0.4710156795635744,-0.04329854795158062
57.196,0.49484818968411515,-0.029666461914497535
57.246,0.48952849085958966,0.025016944576522985
57.296,0.48661660531128587,0.07919052117113656
57.346,0.4793271572349556,-0.03775245047456283
57.396,0.4798234795847888,0.05718460257140455
57.446,0.5063823495077793,0.04795158221457703
57.497,0.4917033099959714,-0.00672429081502272
57.546,0.48696890430199286,0.020700948953070893
57.597,0.49797479884751417,-0.017711495543196936
57.646,0.4764702085853194,0.0693867382295107
57.696,0.4944645877760296,-0.04926508741135117
57.746,0.4872052041804881,0.08463749212307599
57.797,0.5070456071266918,0.02888160571098442
57.846,0.4891796464122596,0.012481356710106624
57.896,0.5001185470399412,0.07242174343739832
57.946,0.4797243920879383,0.07808977063456086
57.996,0.4921532737997563,-0.00704970005920377
58.046,0.5151321657229103,0.03197726434477026
58.097,0.4879336135804064,0.005605692089171977
58.146,0.5001627128050865,0.057718779450704596
58.196,0.48635057175711416,-0.07734009576560277
58.246,0.5049903370882982,0.03296814574825529
58.296,0.4778529412770848,0.07787201354669884
58.347,0.48723547210220847,0.021162540417644645
58.396,0.468439862658057,0.01330079670987973
58.446,0.5068341127219963,-0.0808397363900842
58.497,0.48635669825338623,0.016959775524819875
58.547,0.4783641608563081,0.001767137061842591
58.596,0.4914346250253573,0.057659130887854314
58.646,0.4942359261777126,-0.002799959146042881
58.697,0.49184483391921474,0.03027391776010596
58.746,0.4950957988384579,0.0660939618672211
58.796,0.4719750132630369,-0.042697596206873724
58.846,0.4882063638049065,-0.06385955798815689
58.897,0.48800447207282865,-0.08072378776168639
58.947,0.5002495946352429,-0.022761323496669542
58.997,0.5040676585706707,0.03048412102439274
59.046,0.5026556542461765,0.006472397241659096
59.096,0.5068926007026214,-0.031423877295155375
59.146,0.4770588798280959,-0.10167832285551637
59.197,0.46432565235987383,0.01817149509751241
59.246,0.4914122018819058,0.04988937858888645
59.296,0.4787295365765058,-0.005718631763310375
59.346,0.49501941492982354,-0.07509517103247051
59.397,0.4829338425321669,-0.01796281633986491
59.446,0.4883183697820799,-0.04694387021315345
59.497,0.49521886165635604,-0.01228251123894853
59.546,0.49184176649549627,-0.07501478602837153
59.596,0.4876877838048645,0.009250769213241914
59.646,0.48988470629292513,-0.12408755993721526
59.696,0.49598426985519906,-0.03771256685424946
59.746,0.4891538821151571,0.006052659138429758
59.797,0.480669766130319,-0.08875009998897225
59.846,0.48238339924425794,0.01582515852032783
59.897,0.4743813248563744,-0.009041341002967511
59.946,0.496429335060472,0.03506096430575448
59.996,0.48727057865608314,0.0324264461372328
60.046,0.48129459049235823,-0.03599762189494576
60.097,0.49187028063389976,-0.007810455762396231
60.146,0.4818366631813561,-0.02760412999102927
60.197,0.4839627524638417,-0.002677054276290919
60.246,0.4830771664321043,0.04537568798637422
60.297,0.48307393034151325,0.06751702808791141
60.346,0.4638361355561189,0.18318035466225288
60.397,0.5075523418781875,0.24076243428300015
60.447,0.48195076337883125,0.324221919266521
60.496,0.46925702075995,0.31197789515574453
60.546,0.4861542255462484,0.31992042745378363
60.597,0.47992959133371094,0.42366207609042045
60.646,0.494159608673944,0.4585425450649152
60.696,0.47890666613785976,0.5825491382486649
60.746,0.5017347678936259,0.4080887740821817
60.797,0.48536618162677936,0.3985252634095248
60.847,0.4856574413930959,0.2504306789932701
60.896,0.4798905893774485,0.22484877091506772
60.947,0.5048034328342154,0.1256690532921418
60.995,0.47368797532908763,0.179452794164858
61.046,0.4829514354505053,0.10066665655365913
61.096,0.4686010094816567,0.11877236510020381
61.147,0.4898698291438345,0.050158669872073416
61.196,0.481208586836651,-0.013406130743925765
61.246,0.4875053263009529,-0.048081816819987605
61.297,0.4846316219705665,9.374651981339133e-05
61.346,0.4975708395881123,-0.027588349878659497
61.397,0.49302138582795324,0.06291455799692254
61.446,0.47300968460737214,0.04055838672511238
61.491,0.47580200051047533,-0.008021635307067903
61.547,0.4846651384061458,-0.05625336985584379
61.596,0.4898553050763611,0.14249206743185938
61.646,0.4907169767892113,0.055924380752824715
61.696,0.47636634234810404,0.06068040847327169
61.746,0.4947555643685345,0.11959014845695844
61.797,0.5085068942454073,0.2774157322886895
61.846,0.502365296352691,0.3267868207462755
61.896,0.4898946370220773,0.36675937578053625
61.947,0.47054013002173206,0.4870638994464701
61.996,0.4880381224952333,0.35472644061206043
62.046,0.5010474552041069,0.5251320016652602
62.096,0.4851911854023539,0.436093598404911
62.146,0.4760675955551969,0.6234478274166305
62.197,0.4785571663091729,0.43688318884329397
62.246,0.47854504305705675,0.5158680570064583
62.297,0.48666574320036754,0.4291552763885539
62.346,0.49322047007168235,0.574779032635887
62.397,0.49135132507984874,0.3887407834323614
62.446,0.4749553743186881,0.3421462020286386
62.496,0.4937153950776406,0.3411611061291163
62.547,0.48819218789837227,0.3370382173536679
62.597,0.4773644804833587,0.21795014026351098
62.646,0.47890436477838894,0.11997911778936837
62.697,0.47205720423145114,0.13297112878339507
62.746,0.47330041061560424,0.15258291091053017
62.796,0.4801662733285217,0.11991462241454108
62.846,0.5004609942426997,-0.07380604945685465
62.896,0.4762796678987203,0.033092445556807744
62.946,0.49122217724902395,-0.06686870515101061
62.996,0.4884741338836307,0.08643424387816334
63.046,0.47620023549440127,-0.03401104238874103
63.096,0.48972980186070936,0.16888983401475807
63.146,0.4957740979312975,0.21106946587515804
63.197,0.4946598322622952,0.14750110641344483
63.247,0.4805379923569307,0.21470208049646866
63.297,0.49112241657097744,0.2707519708994088
63.346,0.4804670404336096,0.4260919434071401
63.397,0.4626685946150404,0.42624920693885016
63.447,0.493655130171596,0.431450998161766
63.497,0.4819989811592571,0.5897396164581162
63.546,0.477701791737802,0.5073095564642738
63.596,0.48332421746875576,0.6730411967460822
63.647,0.48949384315202304,0.5975918114110875
63.696,0.5037044371922611,0.6830606239077144
63.746,0.49139847158337924,0.700417060781976
63.797,0.4913039072981452,0.7507329709203455
63.847,0.5089422900299387,0.7119163260181498
63.897,0.4805194325596364,0.8364179015370397
63.946,0.49228777651475836,0.7808320271613443
63.996,0.4808244065799147,0.7985225697432686
64.046,0.4768246821937793,0.7728091414048284
64.096,0.451856626339083,0.68651320041454
64.146,0.45775644165931423,0.6882341155455767
64.197,0.4187844217282694,0.6444893461144718
64.247,0.4234559825029091,0.5968381005880277
64.297,0.4520900987479571,0.5843000807507382
64.347,0.4498941088132491,0.6731558481447062
64.397,0.44315790588197296,0.4783495860599808
64.446,0.45205010354628994,0.5760266942513171
64.496,0.4243591446256969,0.4217659514759012
64.547,0.4422296453387924,0.46609085463790617
64.597,0.4543949437748551,0.3551973858127961
64.646,0.44151115702031635,0.3214978953509481
64.697,0.44470199215162026,0.2581408059381205
64.746,0.44883733959467614,0.17852096518858518
64.797,0.48306142648794276,-0.029367944555808295
64.846,0.5127521173916092,-0.021219586096126175
64.897,0.4905842916381002,-0.012797886917869596
64.946,0.4901560164892824,-0.013357883111522533
64.996,0.49888359243434177,0.010034416584117242
65.047,0.4885363884173457,0.08486805371720559
65.097,0.49910149836303447,-0.03466725609193425
65.146,0.5150005446891862,0.017753569144411036
65.196,0.48506445714390223,-0.058714966572207185
65.246,0.5026967929511167,0.09331195012372044
65.297,0.5046102635642506,-0.05152501056142758
65.346,0.4920365038805261,-0.027263380210778093
65.396,0.49697474760197596,-0.02838363285059413
65.446,0.5003548521083264,-0.03303333181251719
65.497,0.4980026224202457,-0.006185284019213324
65.546,0.5127649791845187,0.10627225418490835
65.596,0.5015488196515674,0.06651952240827667
65.646,0.5066551405848909,0.1246086611419924
65.697,0.49845590240827625,0.09218044654323199
65.746,0.4958020691768877,0.17575783748771412
65.797,0.5002679841086471,0.21426758634413628
65.846,0.5096544576541561,0.24451506585854998
65.896,0.5049142318959347,0.24290668106848973
65.946,0.5252277148344372,0.38781002239020745
65.996,0.5052707684123927,0.42092019580018764
66.046,0.5125866908435697,0.45312218681179073
66.096,0.5120716107646417,0.43306139122913506
66.146,0.5102259117035598,0.4565227703364724
66.196,0.49113499667121413,0.48835333335246617
66.246,0.5018010078476596,0.40162060957610973
66.297,0.5104359993545062,0.36137053819973414
66.346,0.5027493142188615,0.26620980410137496
66.397,0.5070256364730398,0.29203208039091577
66.446,0.505814156059438,0.1443221714288521
66.496,0.5109060032172434,0.1580256723491898
66.546,0.5047471478424,0.0788817101212626
66.597,0.5010224581622251,0.08059600457954104
66.646,0.5062193459593102,-0.005867623349710931
66.697,0.4843816429867534,0.03356193589363736
66.747,0.5036951809017678,-0.044338858576156825
66.796,0.5132257727847273,-0.014673992505685695
66.846,0.49537673007719896,0.009472162071775217
66.897,0.5071192890645726,-0.011364963170124748
66.946,0.48668815538672877,-0.04951427580657503
66.996,0.4985763098916935,0.003337623130596459
67.047,0.49761110553414406,0.045387885846526546
67.097,0.48509000186038137,0.013420483345766065
67.146,0.48908991631430654,-0.0513825534292146
67.196,0.5053519962885609,-0.02200070892620354
67.247,0.4973342412021448,-0.0426722035232321
67.297,0.5051542647416705,0.01182463197776494
67.346,0.48251077515969376,0.05372412167017861
67.397,0.4926446553875923,-0.07113661003749307
67.446,0.48551369328699046,0.0012145137682420593
67.497,0.5188355241968202,0.09879772587855593
67.546,0.49543570006315907,0.021712951796640047
67.596,0.5028240744935786,0.0752434617347838
67.646,0.4924846397603005,-0.052472876940981954
67.696,0.5017013085709517,-0.09469047233897192
67.747,0.4983140759348861,0.06755192072176473
67.797,0.4968619658795675,-0.0009069334119434528
67.846,0.5014979030706793,-0.05801118462198854
67.897,0.5102003884216557,-0.04338057711677786
67.946,0.4778790329499482,-0.102552410550025
67.997,0.49614948731293157,-0.22682690706251035
68.046,0.4861898987765744,-0.13488606667156244
68.097,0.4780469585003317,-0.23585748083131233
68.146,0.49603769896924244,-0.32498644616205696
68.197,0.4965921671067493,-0.30112453853861376
68.246,0.4897759639917228,-0.4195046682158042
68.297,0.48489347427173063,-0.461133371993957
68.346,0.5009784405593142,-0.34525289154979655
68.396,0.4947399488707749,-0.39155802396815254
68.446,0.4919236445237664,-0.3303425418421463
68.496,0.4996168535784956,-0.2634660611163565
68.546,0.5072338452766308,-0.23916535350034493
68.597,0.4994345611978396,-0.19667331933595894
68.646,0.49671286190996156,-0.09681938611977933
68.697,0.5004456650624666,-0.049299165870023934
68.746,0.5077611937120238,-0.0017145820775954432
68.796,0.4984247298281136,0.02496791726925293
68.846,0.4978719501500301,0.036247012027871145
68.897,0.492227655668159,0.007481626029917297
68.946,0.5058953428670577,0.0883494982131553
68.997,0.48553783675417095,0.040868135008571824
69.047,0.49732365230527525,0.07725123951310693
69.096,0.5030812546177399,0.10543141615623065
69.146,0.5041906000920204,0.004937072281510053
69.197,0.4874553286382066,-0.022005618833548304
69.246,0.5038412716701295,-0.04539313617107497
69.297,0.5109786181609808,0.020047795290241335
69.346,0.5311631198051078,-0.08674085494499682
69.397,0.5097491050908851,0.06668569645296431
69.446,0.5200804443513622,-0.05560259131397432
69.497,0.5026239632128782,0.07531119715039312
69.546,0.5275588004098702,-0.005378234108006007
69.597,0.5392788725834147,-0.013927944733751729
69.646,0.5353744093548803,-0.026382635658210203
69.696,0.524981555904053,0.08728255602561368
69.746,0.5263083904533599,-0.03257764231920311
69.797,0.5401513900889495,0.000979983977435754
69.846,0.527109779121542,0.02151036216018879
69.897,0.5101421072172728,0.07588167667852713
69.946,0.5334427181660693,0.18726531804142768
69.996,0.5262086028653867,0.09194678993549915
70.047,0.5189950317499262,0.12015527369852697
70.096,0.5129412260221144,0.02205882555957414
70.146,0.5156885915290383,0.03953501927410948
70.197,0.5089420357231565,0.01393327803460117
70.246,0.5154581763601068,0.09195339301601593
70.297,0.49474729395450145,-0.02365278333334419
70.347,0.5436570630230544,-0.02702089931100603
70.396,0.49897809086614137,0.05439011415460377
70.447,0.522935051055211,-0.037501257217327735
70.497,0.5140072049639416,0.043924913632464806
70.546,0.5309534499829835,0.07368577081823628
70.597,0.5270367327199605,0.036098556862479446
70.646,0.515668747220639,0.011214439434827266
70.696,0.5305625979359279,-0.01696808764493807
70.746,0.5309757412660914,0.0729049049803307
70.797,0.5214933767780646,0.001575837895533416
70.846,0.5245414343991,0.006864951412815446
70.897,0.5137100788819945,0.14454827332640127
70.947,0.5313414274412299,0.01509939630690215
70.997,0.5349893288146859,-0.041723654536176415
71.046,0.5219827977842134,-0.12205177443258935
71.097,0.5306827727113586,0.01676859334023572
71.146,0.5147179287043379,0.02102698093093106
71.197,0.521691539349301,0.013759943283231697
71.246,0.5142858324484437,-0.051459524902916165
71.297,0.502059740376114,0.00046081492423028474
71.346,0.5439251466568462,-0.020178512603638368
71.397,0.5213434759797191,0.04810638430932096
71.446,0.5292683004838598,-0.053443386969638663
71.497,0.5231213821188946,-0.05781079505797172
71.546,0.5270527138506539,0.031357322151423506
71.597,0.5315814420775473,0.008419226743760217
71.647,0.5161348875477216,-0.04985008955879786
71.697,0.5166382397239663,-0.05978578270911035
71.746,0.5061679426214969,0.004515635097751612
71.797,0.5145126896271307,-0.0012812520646131409
71.846,0.5285134016683433,0.12039876670204969
71.897,0.5331596231524401,-0.052681723985883534
71.946,0.535927084874971,0.03298530155023914
71.996,0.530986667692815,-0.005200344293411156
72.046,0.5110304824798156,0.021624069835902114
72.096,0.5083601158854363,0.02032008059844264
72.147,0.5305201861792236,0.001523089523427787
72.197,0.5285543288539091,-0.03945302431849974
72.247,0.514312581296067,-0.04128101843037741
72.297,0.533287784152505,-0.028104735778617475
72.347,0.5339589705094918,-0.028503932067645288
72.397,0.505724974116215,-0.07021041542918835
72.446,0.5136242736757107,0.041545055513759095
72.496,0.5226391323898593,-0.006858745230140641
72.546,0.5382284166363467,0.02562843381827151
72.597,0.5309818961448138,-0.01560896942094489
72.647,0.5155062560281826,-0.035478622514006054
72.697,0.5163278163295273,-0.02163360609987147
72.746,0.5448974183020108,-0.02892830622940582
72.797,0.5264146522184403,-0.047707968405796546
72.846,0.5284865810447622,-0.11229456721959423
72.897,0.5153078494382193,-0.15366731237450568
72.946,0.5249510827312824,-0.04275774685679594
72.996,0.52335874379992,-0.011629573764520293
73.046,0.525993095926076,-0.01966164462032365
73.096,0.5368107995889834,0.03646228281619609
73.146,0.5389343411707124,-0.026373010671812785
73.197,0.5357402777166448,-0.0165213690046642
73.246,0.5172253725901695,-0.03571760440487135
73.297,0.5185177356768033,-0.0916340988186399
73.346,0.5205924463403087,0.16545317011372745
73.397,0.5118802209123218,-0.10658894477551739
73.446,0.5191917371704929,0.01069756361790416
73.497,0.5193089715415219,-0.08532403241980199
73.546,0.5229622883955163,-0.005721585892607684
73.597,0.5253800835964175,0.09995496952136414
73.646,0.5222949163838044,-0.01949740722082297
73.697,0.5111952863931276,0.06311030930445408
73.746,0.5242369194598465,0.13956294681894146
73.796,0.5163358316862743,-0.0262172663780885
73.846,0.5205112073710807,0.02309277955661783
73.897,0.5285634515142091,0.07596259528872303
73.946,0.5133364894062186,-0.0021018600653741606
73.996,0.521772707088375,0.0756401290407122
74.047,0.5324118279872121,0.06319760491988925
74.097,0.5224277234905675,0.011032102511790319
74.146,0.5308572520389909,0.07745478686805282
74.197,0.5190030258948184,-0.07692534999221015
74.246,0.5088411824673561,0.007867703241897934
74.297,0.4671880193087134,-0.011933809302941027
74.346,0.4890548368053174,0.06586460872008472
74.397,0.4774928573739599,-0.02372573211295831
74.446,0.4872600722170943,-0.059441292266795044
74.497,0.47620434563418873,0.04935192897439533
74.546,0.48646847724907644,-0.02260951193000569
74.597,0.4575850226040796,-0.06537062895235486
74.647,0.46600604001045803,0.02632964657566768
74.697,0.463372656834213,0.07531976235531798
74.746,0.4675200791827071,0.09491728300922299
74.797,0.48636827982852837,-0.007218313783318434
74.846,0.4617626990046029,-0.007847964214050509
74.897,0.46871112730754155,0.01817229640047794
74.947,0.4578081813229623,-0.024910798201590627
74.996,0.4803305524489161,0.007836985167031135
75.047,0.4737900596934403,0.02336164836834536
75.097,0.4772459912400023,-0.020444357652706004
75.146,0.48314490713950337,-0.01338001535519172
75.196,0.46907243394026804,0.005349757741271767
75.246,0.4769287865946187,0.0267318227718925
75.297,0.44778121349031574,0.02216769034565625
75.347,0.4810510537216384,-0.033277707496172905
75.397,0.4766067518016099,-0.10280512826320864
75.446,0.48530593091081226,0.06638109218370623
75.497,0.46871921807164996,-0.005424691989444683
75.547,0.47490707273273214,0.07505462912031709
75.597,0.47173700006023556,-0.008663686377626016
75.646,0.4774617079707162,0.021168123674805764
75.697,0.469251481844245,-0.04296251479133503
75.746,0.46637616541491406,-0.006130408527204479
75.797,0.4974796767552152,0.012673470716990102
75.846,0.48296488425036044,0.11419670749254444
75.896,0.4848061950796054,0.05759107825349686
75.946,0.47341110969870226,-0.045432392109630126
75.997,0.48026349929881446,0.02680267929537218
76.046,0.4824500696257577,0.09811490932723525
76.096,0.4889282485678745,-0.0018836122064643894
76.146,0.46335865715445845,0.04006571936773634
76.197,0.4733105479465268,-0.13322202657884802
76.246,0.4729097970491537,0.0061002189709254105
76.297,0.48827946322348137,0.06805110854889526
76.347,0.4580861480000886,0.04527992892710955
76.396,0.46172137122814644,-0.0317063001892332
76.447,0.46749961241959875,0.02703431140925137
76.496,0.47397377482918807,-0.025246786777868454
76.546,0.4724248238617086,0.059000460236611436
76.597,0.45993455892217827,0.13939755210248006
76.646,0.47370689751492123,-0.004541598945376566
76.697,0.4559984397459619,-0.0018036066692967583
76.747,0.46861544111156567,-0.06684455907670186
76.796,0.4805516451344877,-0.10664022074063645
76.846,0.47613306559747315,-0.06170752100336003
76.896,0.4623697916298506,-0.027481691092527558
76.946,0.4666713164651564,0.05144705505046404
76.997,0.5043480767607719,-0.005636737581622602
77.046,0.48506028485766683,0.06229763097425186
77.097,0.46878067883454494,0.03212345012984981
77.146,0.4654985539600532,-0.012072366233973359
77.196,0.4676992404253611,0.003167378784204966
77.246,0.4703499464621855,-0.01949225945565365
77.297,0.47229037238344995,0.05870303437775256
77.346,0.4756945188913355,0.05595923549602491
77.396,0.4700444993880901,0.1503920081795814
77.446,0.4632510597342491,-0.006734655196158695
77.497,0.454312391413855,0.016103714626808072
77.546,0.4842438247151908,0.05663520166812594
77.597,0.46979582594501257,0.01378601807452571
77.646,0.48041989348825914,-0.021691342333384316
77.696,0.47811918652618424,0.03492699233085313
77.746,0.47232833404796926,0.08877502139690871
77.796,0.4840515654657056,-0.02759526256323464
77.846,0.470172845521781,0.06283756876678497
77.897,0.48100713555882124,-0.02306198925997305
77.947,0.4785916308361761,-0.04130404818683898
77.997,0.4730038281181958,-0.016591018998469525
78.046,0.4699669953775503,0.03739177797526586
78.096,0.4883176509361813,0.07264612256364672
78.146,0.47335545081272323,-0.02698902157387756
78.197,0.47284813500648953,0.0038093217180727498
78.246,0.4729671770505076,-0.023522017895629275
78.296,0.47395102402420264,0.015936992869250915
78.347,0.46753571970278895,0.04823181417056095
78.396,0.4805878720592663,-0.1334359971456331
78.447,0.48556324178496174,0.013266292128576678
78.497,0.48675228195139447,-0.06252966796229532
78.546,0.47688816959697966,0.030622611102498393
78.597,0.476777768008291,-0.01909348813663996
78.646,0.4791018514808882,-0.05072443577725499
78.696,0.48081554097554735,-0.04218074451396337
78.746,0.46372315351362725,-0.00263785290346573
78.796,0.4546855545011947,0.03163875370886432
78.846,0.46658985264881536,-0.04326296807526402
78.896,0.4799158855051825,-0.010507745916887239
78.946,0.4791415499774964,0.15011422664859686
78.997,0.45942598324138295,0.12281950033778423
79.046,0.48062017896222137,0.15196478874949113
79.097,0.45759395758201116,0.18482124565764405
79.146,0.47288723613509986,0.19452546381989566
79.196,0.4755176557068938,0.2998369150169963
79.247,0.49624004520248266,0.4068541368276952
79.297,0.47607419547447105,0.3943083794132721
79.347,0.47366221964524613,0.3254339350213877
79.397,0.4864536655401942,0.4452931706404528
79.446,0.5001140534395235,0.49273065131460925
79.497,0.4862373377458045,0.6078220477711228
79.546,0.5157643960853863,0.549762638704822
79.597,0.5071171358726826,0.588521376697091
79.647,0.477958527739948,0.6603192974689887
79.696,0.46559850901998373,0.6344568702051316
79.746,0.4553501644095524,0.6655487028946983
79.797,0.4745379134850555,0.6171382113303289
79.846,0.45745034415054653,0.5269840530072701
79.896,0.47448200124701806,0.39194187983571777
79.946,0.4866216225310568,0.45377179951827235
79.996,0.4751890808273833,0.37347308414080194
80.047,0.4669633806037921,0.24210485220989503
80.097,0.48766625881543574,0.21689401835467007
80.147,0.4817131810046902,0.07716300260766365
80.197,0.4818567065058026,0.2069508125049606
80.247,0.4851988881908695,0.14021375325844382
80.297,0.4821477530420268,0.0808433818672297
80.347,0.4666038605662932,0.04929655828706157
80.397,0.47160493579638413,-0.014372570073458574
80.446,0.47261921098679444,0.1015106833199539
80.496,0.48242403480536555,0.08859005282676193
80.546,0.4847900798606808,0.2102430500324009
80.597,0.4985556636395691,0.18170177755854774
80.646,0.4613931747863529,0.28325458090191835
80.696,0.48019324153344245,0.35602144440351946
80.746,0.47567532151754,0.3862977860559039
80.797,0.4764040757428522,0.3631802163350644
80.846,0.48658346864342245,0.46191203863058156
80.897,0.481506544026238,0.4321318294801383
80.947,0.46551899092455284,0.5555917366556417
80.997,0.48017321746616215,0.576759679218453
81.046,0.4884137282354499,0.6512441660139701
81.096,0.4975047371116957,0.7090432695564598
81.146,0.48473121665712937,0.6448833451672543
81.197,0.4787186672999064,0.6591111405008444
81.246,0.4720990306266942,0.6246211543358903
81.297,0.4584732200559034,0.5710368355502333
81.347,0.44362949329307955,0.5428266050324633
81.397,0.43597213843073324,0.43307996965393347
81.446,0.47336553673940057,0.40395287363501464
81.497,0.46803413091108037,0.409890732870735
81.547,0.4805524814494042,0.33550662383839025
81.596,0.4620418246345634,0.3501401539994084
81.646,0.490628941767819,0.22349912286006435
81.696,0.46272291577052727,0.16221439710145977
81.746,0.4937951601454274,0.13369553447035204
81.797,0.4700630964931889,0.1440364983459601
81.847,0.460021227111743,-0.03586172810762514
81.896,0.47187139804594175,0.006898815072107336
81.947,0.48936513132030013,-0.06878698253945563
81.997,0.48135768057064293,0.05330297240498181
82.046,0.48451769189985194,0.035340215277112445
82.096,0.4735735636416522,-0.08875369474044889
82.146,0.462656032961914,-0.11887891394088775
82.196,0.4889667484837222,0.12780555071839977
82.246,0.4761128479284848,0.06953995098395124
82.297,0.4972738315273901,0.07721948963317739
82.347,0.47307941483899624,0.1326368981580476
82.397,0.4649949777326769,0.2139788759960161
82.446,0.48669936743951225,0.18961975632866454
82.496,0.49127354634953013,0.3423643932150706
82.546,0.46747881607467023,0.35131420660051993
82.597,0.46455071587730495,0.3777361383117699
82.647,0.47939549159904316,0.3767909655765956
82.697,0.5000125265489258,0.47272435115548916
82.747,0.48100501803380846,0.5716025165226455
82.797,0.5007633717110694,0.5077529889281485
82.846,0.4946743612884787,0.5022175674377595
82.897,0.4867289206216603,0.4802934763867105
82.947,0.4880950597205047,0.4142305603689362
82.997,0.46820478662455195,0.38909968212151064
83.046,0.46684391525071156,0.29400125292100504
83.096,0.47954556362037126,0.2397952613900569
83.147,0.48684728597219157,0.16688171421268816
83.197,0.4588388999394184,0.19732358267248973
83.246,0.4722557987504108,0.12221606436736929
83.296,0.4790852590213342,0.12734648755862038
83.346,0.4845034590909558,0.0748072280156304
83.397,0.4736211906664045,0.0334906388892462
83.446,0.44227232700785757,0.005045506685058209
83.496,0.4829232057633507,0.06986810301539081
83.546,0.48188558388947245,-0.03961454627584916
83.596,0.4921217299183987,-0.05457950307607577
83.646,0.48999331238239624,-0.006315058449421547
83.697,0.4912810203977072,-0.05842756981692796
83.746,0.4786962388724692,0.052483430256430326
83.796,0.4819649717631407,0.03454265866223113
83.846,0.4708364813290981,0.02498315538378915
83.897,0.483776921923889,0.06176126214718167
83.946,0.4752247667755474,0.16016560707975142
83.997,0.48979053740902695,0.2396662795840883
84.046,0.4945735338966357,0.19731739058398062
84.097,0.48633377172988207,0.19762571261646616
84.147,0.47516120207128576,0.2796348529888562
84.197,0.4661328108720482,0.31956489712086433
84.246,0.4975154116195042,0.41812182321243796
84.297,0.5019120936916548,0.46532257687692075
84.346,0.5037573174646506,0.3855705734187852
84.397,0.48232929251070106,0.40554886796591205
84.447,0.4839161977579025,0.3483781249986717
84.497,0.5013549676071635,0.3069015129454037
84.546,0.48529947567285325,0.26810283461415463
84.597,0.4769430085804135,0.22851707743713562
84.646,0.4663538519722236,0.09213494677074431
84.696,0.4836061248321288,0.07303666990519876
84.746,0.47556294841156704,-0.02070134451533919
84.797,0.4901019298896992,-0.05954006873268937
84.847,0.47476939403211704,0.012985878883958864
84.897,0.4795503039869945,-0.01917407583636471
84.947,0.5041380597088245,0.03807617425709612
84.997,0.49574384855804937,0.05171897683115423
85.047,0.4874764949217366,0.02975988281724085
85.097,0.48651444014189754,-0.0012951106082333117
85.146,0.5060848631710141,-0.007303136272245034
85.197,0.49414986397115757,-0.08724284741735731
85.246,0.48859181674950986,-0.10667287335513656
85.296,0.47507598399014617,-0.15650627743258155
85.346,0.48499862741747507,-0.2551221007098874
85.397,0.5061360071439569,-0.3050379980328681
85.446,0.48893742758912834,-0.31313695153350396
85.497,0.4838280280282396,-0.3276770949980989
85.546,0.48012590647083725,-0.2915126196431605
85.597,0.48268961555445516,-0.38731183431198957
85.647,0.4742021141927471,-0.36546133476463294
85.697,0.501337032656178,-0.3173839358629515
85.746,0.4740416386657906,-0.304072621214804
85.796,0.49065207830361596,-0.2764036768963679
85.846,0.47035177489889196,-0.22045510630084186
85.896,0.4912463104488756,-0.21996288402436917
85.946,0.49009487847166916,-0.17240706792454877
85.996,0.47588491579018183,-0.054192461861664355
86.047,0.48732489044186267,-0.027754508204781692
86.097,0.4922583930650053,-0.04100223526426178
86.147,0.4839014819585931,0.06250841904077079
86.197,0.48069022034982034,0.08006660728449079
86.246,0.4790670935138951,0.12294883577516703
86.296,0.46807768552743,0.14506430754599592
86.347,0.4799920876136763,0.2774633069385796
86.397,0.4919180814466595,0.22896740317794598
86.446,0.48499204071821056,0.37948574585322525
86.497,0.4925309460056503,0.35819866862422084
86.546,0.4929932760794217,0.43608209649645463
86.597,0.48788140807812225,0.33339922531910704
86.646,0.47435176179913924,0.32559770284213996
86.696,0.47798720323031574,0.19319209038389118
86.746,0.485450856758455,0.21108699924352287
86.797,0.4966506251000315,0.3090071657943253
86.847,0.488818525184161,0.10099343868204011
86.897,0.4776995523782221,0.07263328373254349
86.946,0.4969602993717008,0.0838673099514697
86.997,0.4713445405201846,-0.05047388922503376
87.047,0.4875947574846919,0.0057358704087344175
87.096,0.47035047687283316,0.014700158112652012
87.146,0.47743545358708145,0.0365452398781748
87.196,0.4809136758410559,0.07638178355674667
87.247,0.4939267892129249,-0.0277602036817197
87.297,0.48784112481175046,-0.0257930489676726
87.346,0.4769610012962834,-0.023416344918195133
87.397,0.49840866017060326,-0.04437002938138535
87.446,0.4825469639526492,0.005336807557114808
87.497,0.49165627699284314,-0.043289392891933745
87.546,0.4856210357784053,-0.02014228769776283
87.597,0.48346225210362626,-0.0734309544325131
87.646,0.47829903964844833,0.03949906876274392
87.697,0.46863171843539136,0.06163872950165319
87.746,0.47861641579871,-0.06547713772546168
87.797,0.4900894286432066,-0.09105380782357675
87.846,0.4860315462906605,0.07263416573516637
87.896,0.47758887380474835,0.05373223428573489
87.946,0.47966102070165706,0.003882786012955159
87.997,0.48985288591980936,0.018769985044822517
88.046,0.4834893174525282,-0.06952287941360266
88.097,0.4868255863215185,0.024543726497760616
88.147,0.4804624643975123,-0.03426207307185634
88.197,0.4892409247905966,-0.03549267917450105
88.246,0.5002851634889415,-0.012860084792494859
88.296,0.4882203669450785,0.0019867082326329947
88.346,0.49173945438995587,-0.11076434872130297
88.397,0.4809904663194436,-0.004680686118279212
88.446,0.4825523384139568,0.024918286855618827
88.497,0.46392983740561033,-0.011737063436822948
88.546,0.4802000680889477,-0.018657710511938257
88.596,0.4873355862436877,0.04531416733797
88.646,0.4805159377586874,-0.009663067466629784
88.697,0.4945809450253003,-0.018350269469366163
88.746,0.46956044893371945,0.09706534768837599
88.797,0.48817703229616677,-0.07768707217004922
88.846,0.4783584485615289,-0.00913344232446312
88.897,0.48303714975004436,0.03390863493711911
88.946,0.48054789556275024,0.04314568484901048
88.997,0.4705212219554432,0.006920033702268877
89.047,0.498547820035643,0.04119215676082656
89.097,0.5020247223663471,-0.040097631067249895
89.146,0.49276366672970623,0.024997824402844152
89.197,0.5004220813177018,0.04714970306991607
89.247,0.48607937250994937,0.031523411397308666
89.297,0.48796020026059467,-0.03377297075109309
89.346,0.4825200551342012,0.017669940370734563
89.397,0.48167595480907105,0.03199083897940291
89.446,0.48815642896517275,0.012073473581606358
89.497,0.497815922615977,-0.023235085137204164
89.546,0.4967969892810231,0.005595288353965237
89.597,0.49782487815198245,-0.021874068873611468
89.647,0.5150660416251299,-0.03614787022026448
89.697,0.4895970254126988,-0.016911816405195353
89.747,0.4898371097962893,-0.03455544328489556
89.796,0.4961178270220619,0.033374724355787935
89.846,0.5068439456324293,-0.03668207851112166
89.897,0.5045299194627451,0.039019990097531966
89.946,0.50735816284818,-0.012460046101385748
89.997,0.49770706028550826,0.031862552729550575
90.046,0.4876854811879954,-0.04755995045596852
90.097,0.49901397279315846,0.03044449047588145
90.147,0.4843984079685301,-0.09493220052154425
90.197,0.5057920548379595,0.0199634075330688
90.246,0.4938018922083257,-0.05753480334151674
90.296,0.48991558670082613,-0.010311320677751354
90.346,0.5128693054956542,-0.03343383434248147
90.397,0.49695368291104214,-0.030493360867351375
90.446,0.49851328512805587,0.045075298290200745
90.497,0.48699629983403514,-0.03184486839484468
90.547,0.5073907290215697,0.023110948383628985
90.597,0.4960123409550211,0.006764601776337356
90.646,0.4955716396608691,-0.00889234589799844
90.697,0.49199502538859186,-0.08245543293375361
90.746,0.49086699592755706,-0.05961767929231951
90.797,0.4944751897261608,0.03627680118678479
90.846,0.5216505037608529,-0.051756366556506096
90.897,0.503193672076253,0.02139021960273263
90.946,0.48393190828346366,-0.0767831180431146
90.997,0.48552704907482197,-0.0512867447920731
91.046,0.5018643331720587,0.005433828414687891
91.097,0.5027659218350146,-0.049778522335183435
91.146,0.4981862296561265,0.022858203060161366
91.197,0.5066369767040151,0.04384864567905588
91.247,0.47530478590478725,-0.0062166560780932386
91.296,0.5068336739369462,0.01785576372716863
91.346,0.4991073066781035,0.10722041544874703
91.396,0.4801156676662648,-0.07557728577859361
91.446,0.5019232075501526,0.07912579743962952
91.497,0.5057573551355883,0.06704619512314264
91.546,0.48739274761154083,-0.136282349555921
91.596,0.5020226822475324,-0.0007620205632492766
91.646,0.49135649652641494,0.010366224021899802
91.697,0.4910127170968174,0.031372156772363755
91.746,0.48465077509685206,-0.02134761265076477
91.796,0.4983447041837914,0.005628681936061892
91.846,0.512516602891403,-0.04422746748960587
91.897,0.5002960821679096,0.03791473926065559
91.946,0.505145678072328,0.02047909543583095
91.997,0.49961076220422773,-0.03839780943966387
92.046,0.4991097392515349,-0.038193288521801726
92.096,0.5019415500113286,-0.07756541899404379
92.146,0.49751230929997525,0.031215555468176066
92.197,0.4957318499713523,0.056367407031352235
92.246,0.5060110058757163,-0.014329012394310173
92.297,0.48688059624950275,0.027411354434740767
92.346,0.5201872713152987,0.08370617608707209
92.397,0.512509843715782,0.011788768589154314
92.447,0.49655288801568875,-0.06013882363602908
92.496,0.48751782699790686,0.07093817763612878
92.546,0.47846347421689617,0.00784559887618413
92.597,0.49321893698738634,-0.07724464398705971
92.646,0.5088802856870859,-0.019184048646223657
92.697,0.5109984198759885,-0.009309774110799664
92.746,0.49417161673132226,-0.05761222284734627
92.797,0.5016150542958425,-0.03270695493179136
92.846,0.4897866016031202,0.08683250689181946
92.897,0.49527217347942026,0.0354500213848699
92.946,0.49642908610083614,0.03047806601829382
92.997,0.5103660931709949,0.02714584831957825
93.046,0.5091156344463458,0.04152518544053268
93.097,0.5123652399474093,0.02927736397917805
93.146,0.5016547704605608,0.0017988161233354935
93.197,0.48897229268673953,-0.024702744884920688
93.246,0.50182947095688,0.0810328480535425
93.297,0.5205486127194395,0.006591616103190226
93.346,0.5036656925146198,0.02012154745211454
93.396,0.4945236418181096,-0.027646901971979915
93.446,0.5045933357141805,-0.02440064547755715
93.497,0.5034154518424667,-0.028613029565933385
93.547,0.4989441503119709,0.022820392341035427
93.597,0.4962559002596584,0.031510803383271384
93.646,0.4914024773856605,-0.020085190177138883
93.697,0.488961411424578,0.05191250213198269
93.746,0.5108742055992948,0.04844787613553714
93.796,0.4903525573475402,0.005075192139432082
93.846,0.4881340647223671,0.03272548945486678
93.897,0.4940761576732558,0.03588027072694667
93.947,0.4985783452564731,0.08348118480185558
93.997,0.48411563893102505,0.07818484381287168
94.046,0.4896288816274626,0.06331426529884311
94.097,0.5056679035021999,0.07426734875930388
94.146,0.5117271953025064,-0.047696728586984594
94.197,0.507518402331938,0.1407849449746228
94.246,0.483484276974044,0.044514185869057886
94.297,0.5179356569741141,0.08385684836018101
94.346,0.5162123153623404,-0.055111366273826665
94.397,0.5309499161356762,0.05972564169742582
94.446,0.5206312022102461,-0.060067702260728384
94.497,0.5074576064293997,0.047264544670113894
94.546,0.5236248775225812,0.04272569690924697
94.596,0.5384429822651733,-0.014770126600246855
94.646,0.5106322034267022,0.0231671448747387
94.697,0.5389129785542932,-0.03770541124963879
94.746,0.5048831677753989,0.03261857761421336
94.797,0.5041827261178912,-0.030508133100474105
94.846,0.515994998874949,-0.004380573042915349
94.897,0.4996376035782848,0.07028800870279159
94.946,0.5231281059139782,-0.008008483969781016
94.997,0.5076756368034842,0.03483933235264789
95.047,0.5006347381795679,0.08800318670772676
95.097,0.5226866613502871,-0.019857692815506124
95.147,0.5122197653792562,0.017836503112296405
95.197,0.5101626222506692,0.05174184673305644
95.246,0.524906969290011,0.027624648376884536
95.297,0.5023937190164824,-0.0047026515497718795
95.346,0.5126095815870187,-0.07291290791742541
95.397,0.505341737112706,-0.09741047582826559
95.446,0.5201258765218246,0.017580985930176575
95.497,0.5070626271469526,0.11866727535461263
95.547,0.5043843353587812,-0.003535939894760542
95.597,0.5116421789326373,-0.05659793947819953
95.646,0.5004598060906403,-0.06658039346760779
95.697,0.516935562166694,0.023865067969157633
95.746,0.5025021530749681,-0.0031824538599491206
95.797,0.5155534280143168,-0.060690580987587686
95.847,0.49489721830828937,-0.021930206731387125
95.897,0.5183331439151981,-0.010978874708001123
95.946,0.5114246051022899,0.08068860314327131
95.997,0.5132459911168691,0.14467658402678807
96.047,0.5128870446714477,-0.06121881738289402
96.097,0.49912374756413436,-0.006249993002654308
96.147,0.49822226094677585,-0.07682050974123739
96.197,0.497466666318142,0.04495865396159937
96.247,0.5218260288250512,0.05959398859293583
96.297,0.5099858269265185,0.10742351889632333
96.347,0.5185546177138143,0.08117757911068864
96.397,0.5194990351913622,0.032229976231663314
96.446,0.5199497647015932,0.0295176085029675
96.497,0.49937448124416844,0.03633898281701204
96.546,0.5317072315375557,-0.03518076888259699
96.597,0.5082819696267865,0.001818912307047239
96.647,0.5235151034158404,0.09568340495921841
96.697,0.5104184962169602,0.09177223916311347
96.746,0.5159459285991492,-0.042528452263111145
96.797,0.5160302093702038,0.026291448923806283
96.847,0.5265971149348956,0.01690606095510813
96.896,0.5168349536534124,0.056575773249980844
96.946,0.5014336505234133,-0.011228864680944292
96.997,0.49934737440772164,0.007688518615683214
97.047,0.5022350529439198,-0.031671112261164265
97.096,0.5065595256148191,0.006879928696029017
97.147,0.5147854521214091,0.030793979768746718
97.197,0.516037400805873,0.07106720735740231
97.246,0.5033756622353126,0.047219850321121894
97.297,0.5098388352416057,-0.09480538272069661
97.347,0.5039438644317618,0.06310349570416447
97.397,0.5229816419639401,-0.013853705013100497
97.446,0.5252133739788386,0.03395872979400284
97.497,0.5207452171577589,-0.057313341748564714
97.547,0.5307779419794016,-0.04081168467986303
97.597,0.5070180468963791,0.14988021950447777
97.646,0.5033549655434489,-0.0024368344593577226
97.697,0.528015362206735,-0.02664529356726706
97.746,0.5148853600464435,0.03921230568035343
97.797,0.5121265763188658,0.056820858131618475
97.846,0.5121688021183898,-0.10420668924286229
97.897,0.5028296872762654,-0.07796993490997292
97.947,0.5240261985543844,-0.003862473365710742
97.997,0.5114052691231777,0.028574863922037445
98.047,0.5084045600928472,0.021629964645207788
98.097,0.5190841697009113,-0.046334644205976216
98.147,0.4954807365656085,-0.029054243037203387
98.197,0.4876015148086542,-0.08426157547781359
98.246,0.5153897811240734,-0.013825720790186284
98.297,0.5235592909679249,0.07712887351866635
98.346,0.5090607730334025,0.008236430186478372
98.397,0.5156153420813099,-0.07097081435446057
98.446,0.5110694717379692,-0.016643368037427168
98.497,0.5336504793655773,-0.014119602208037206
98.546,0.5107156137885686,0.027898848756936927
98.597,0.49636701155742047,0.16120833755632966
98.646,0.5188301296038355,0.138301379371069
98.697,0.5238955257121868,0.10502084798234794
98.746,0.5361827572373647,0.2909673292318024
98.797,0.5064045764328364,0.3235851682098858
98.846,0.5103083977371873,0.36031789653869506
98.897,0.5105239834353112,0.37043047236437376
98.947,0.5219800322995836,0.49155942502671013
98.997,0.52509545735633,0.4697089155794365
99.046,0.5193442870317927,0.5117569159891898
99.097,0.499600617304253,0.5154525778512341
99.146,0.5085327390015627,0.4793102647108558
99.197,0.5199530595252968,0.4499780787062868
99.246,0.5020269945972909,0.3672783138450047
99.297,0.47055212620929837,0.3919088736078832
99.347,0.4749323046457383,0.26386304367527436
99.397,0.5006561856718008,0.2400432312662858
99.446,0.4946105223099777,0.2642070695581751
99.497,0.48238705787726543,0.16260399420992513
99.547,0.5007003361397385,0.06280123282229622
99.597,0.4832612182387455,0.10399436128500697
99.646,0.48705782393885344,0.07734135986004506
99.697,0.4852601420703801,0.010950761534328458
99.747,0.46073006209142753,0.05760610217877036
99.797,0.46695373708599075,0.02901642230923816
99.847,0.48352647261513576,0.08231163602364552
99.897,0.48384595216420956,0.10084464433110632
99.946,0.4861323293601044,0.11879653543197764
99.996,0.4793545007497527,0.21936473678714905
100.046,0.4779538061297385,0.21295799078523078
100.096,0.48232945197551785,0.2292092547710966
100.146,0.47168222561895906,0.3143259685474352
100.196,0.4805115517158038,0.33426315183845523
100.246,0.48553903656985714,0.3222612357366394
100.297,0.46531563432093853,0.4719325474738232
100.346,0.472506873275124,0.3841421390936891
100.397,0.48870281069393606,0.4858070604470388
100.446,0.4742280090437681,0.601539702113357
100.497,0.46841217503378907,0.5549373822124064
100.546,0.47189207546179524,0.482628046840213
100.597,0.4674767831858098,0.4592614325148814
100.647,0.4811627373210531,0.40119307947003807
100.696,0.4861948555232915,0.170950428573611
100.747,0.4806240694954789,0.27648295866374395
100.797,0.4590615003700784,0.12040280096325842
100.846,0.4851754810540615,0.11270436626645536
100.897,0.47215849316210456,0.13078905364130264
100.946,0.49114040220682625,0.06966349302257237
100.997,0.4721060358931505,0.14767878501348342
101.047,0.47848084918715705,0.21578386180821751
101.097,0.46538500147870304,0.1108424481381936
101.147,0.47179602086479683,0.22423102746414098
101.197,0.49373217265418,0.29338156586686953
101.246,0.4949465635005509,0.2803203454699642
101.297,0.4751622312892885,0.3570036680875023
101.346,0.4760247342014477,0.46508068029487415
101.397,0.482378093861688,0.43123717580397736
101.447,0.4741118181607413,0.48214114651893164
101.497,0.4887125602546311,0.3876000427892482
101.547,0.48478642681627365,0.5553489315096773
101.597,0.4919349616044485,0.6196030062607615
101.646,0.5008169766107149,0.6664201973396162
101.697,0.49958102019990447,0.7123058946016716
101.746,0.5197449130129321,0.6640707167369425
101.797,0.5330757702942223,0.7012087096737003
101.847,0.5080052061608223,0.7778212101123598
101.897,0.5199096634768091,0.7141402115806872
101.946,0.5078724636354175,0.7556595184861568
101.997,0.502122253054189,0.8535572310048037
102.047,0.4738245225682586,0.8040719969631528
102.097,0.48521797020841767,0.8627297933248823
102.146,0.4426145038143821,0.9332712246596879
102.197,0.4823662968739112,0.7838830713322867
102.246,0.4494483831175722,0.9061369903117986
102.297,0.39003520784231094,0.8239811169426159
102.346,0.39233425753019524,0.7989504936225481
102.397,0.4033607637520747,0.7774500103482446
102.446,0.37936400955690824,0.8254950045082187
102.497,0.3573395349151856,0.7687259870565121
102.546,0.3727258841840251,0.6702080858385584
102.597,0.3707756681286469,0.8260789980705661
102.646,0.3649013979924719,0.7287319154727369
102.697,0.3417934267404699,0.6904935643764604
102.746,0.3391023227324535,0.7052386971200579
102.797,0.3370629141427873,0.73080104713116
102.846,0.3100705718739727,0.7312929316128989
102.897,0.32402404043515964,0.6544460650900462
102.946,0.33287149302938634,0.7469842713691321
102.997,0.32413605081162317,0.6156313074649216
103.046,0.33793007146161724,0.6374924766900902
103.096,0.33482452510647087,0.4900695932718275
103.146,0.3373317696270916,0.4718768679037693
103.197,0.3397211553935709,0.5725370506143557
103.247,0.33152985585232764,0.38763378297343953
103.297,0.364794786096899,0.3101851726951819
103.346,0.34187469760206335,0.25527163849966766
103.397,0.3681907388406974,0.17607686569863118
103.446,0.3788666224762026,0.08797508973208315
103.497,0.39194519379310266,0.06396378959889186
103.546,0.4178525633352841,-0.06821471691842212
103.597,0.4722353001659157,-0.2143290510380451
103.647,0.4927617465499394,-0.4473030529362143
103.697,0.4970016883017295,-0.4725936578287283
103.746,0.5003261584201384,-0.5234696296947918
103.797,0.49230371990354815,-0.5303607151954192
103.847,0.5150081837394659,-0.7010957317080886
103.897,0.5014908225262875,-0.632029086186961
103.947,0.49521982545439547,-0.6870721153899029
103.997,0.47731975421572054,-0.6631390690775547
104.046,0.435172877371031,-0.6561348634612719
104.097,0.4440658312055337,-0.7306876253804105
104.146,0.4518139425672528,-0.5388850687435349
104.197,0.46157351011968456,-0.6202205993300521
104.246,0.4409970124219517,-0.5702112007505894
104.296,0.511768064982761,-0.42022887740918324
104.346,0.5105905464763791,-0.457089546415334
104.397,0.5186752853099134,-0.42917363556531013
104.446,0.5062742735811586,-0.44068532563809765
104.497,0.5207933236803386,-0.307203246877143
104.546,0.5205373345321523,-0.3779650330915728
104.597,0.514333628150032,-0.24602229350604374
104.646,0.5268432017946749,-0.0912097522343803
104.696,0.530744192130446,-0.07323729970799309
104.746,0.5413530883115776,-0.0661692339521493
104.796,0.5390059732548298,0.0559199647059507
104.846,0.5351231217105811,-0.014481695458816883
104.897,0.5383445303637706,0.1621548125786585
104.946,0.5252095441888531,0.25209809451434473
104.997,0.5183681244412152,0.25298838777845184
105.046,0.5293360914035213,0.2515477311220438
105.097,0.5241031067407307,0.2939299575810585
105.146,0.5383477007519331,0.2741298133838192
105.197,0.528455508903279,0.3286033235712173
105.246,0.5289723572309996,0.19824872802440846
105.296,0.5402826586782278,0.2673894563766407
105.346,0.535317161434157,0.22210086174804222
105.396,0.5254510425025289,0.13789476301768827
105.446,0.5368716892186984,0.09398419989946774
105.497,0.5343805931910698,0.06243111230213746
105.546,0.5361434252241468,0.00042357346039603326
105.597,0.5456960643761107,0.04408644029847797
105.647,0.5487142305280307,0.004910858251316938
105.697,0.5303919855939129,0.03852758823296502
105.747,0.5369425092909372,0.08082521301576696
105.796,0.5326335896775616,-0.03734334012710209
105.846,0.5300972318352557,-0.0039048696223575987
105.896,0.5189122862096461,-0.056637638627467804
105.946,0.5448633594792791,0.04530300379947386
105.997,0.5398859077672203,-0.027847524588001712
106.046,0.5337373074659082,-0.06045078751878427
106.097,0.554733840304922,-0.06544931179298953
106.146,0.5430712076308318,-0.1415010851168199
106.196,0.5316012662036215,-0.07567231021550715
106.246,0.5381966416426103,-0.22143770120668685
106.297,0.5291383504254116,-0.2512719022742014
106.346,0.5300231592400989,-0.26923901989597654
106.397,0.5391453958442232,-0.1851138209557055
106.447,0.5338531328134055,-0.10564773704399454
106.497,0.5318126984300922,-0.15113904118011517
106.546,0.5445843138505575,0.01629566626513461
106.597,0.5314876896931342,0.07680121200271078
106.646,0.5390293148090921,-0.07691149117679799
106.697,0.5468598951465647,-0.05129912760514484
106.746,0.530392582563484,-0.005339639217980715
106.796,0.521811513330895,0.0008012219749688859
106.847,0.5517617276950384,-0.046449513142642146
106.897,0.539082396252731,-0.030201972898075514
106.946,0.52800297122761,-0.01828950075001777
106.997,0.5346998267774604,-0.04857523864441505
107.046,0.5236594172010889,-0.08599592958357098
107.097,0.5296102164861697,-0.019501993993023093
107.146,0.5409893801967853,0.016491127422617824
107.197,0.5407490230189932,0.07998061416555691
107.246,0.5363366806923496,0.039882944612654146
107.297,0.5276029792620247,0.01340768688900586
107.346,0.5640475252393077,-0.09521176729323923
107.397,0.5325320059351071,-0.027039656841505923
107.446,0.5463590778504419,-0.028246830513967387
107.496,0.5270898758362046,-0.032564971503250904
107.546,0.5381190946395543,-0.0807929688558734
107.596,0.5415191529043482,-0.01682520293284672
107.646,0.5526143623392573,-0.08227519838502383
107.696,0.5475703769055562,0.014219372332192346
107.746,0.5285830506052256,-0.04983532119953937
107.797,0.5381381159958777,-0.03948056012714164
107.846,0.516175977690687,-0.008398569678182222
107.897,0.524626489330223,0.003918507063550722
107.946,0.529069143130937,-0.0940845284038779
107.996,0.5477242326555194,-0.039326828752478345
108.047,0.5327589681063228,-0.07870734749097852
108.097,0.5393870957593471,-0.16271881901266874
108.146,0.541461471253418,-0.11488076571645303
108.197,0.5298214593146146,-0.07677719352661454
108.246,0.5330567603387031,-0.06489122025905396
108.296,0.5339999299002316,-0.07774083032822612
108.346,0.5436197144639141,0.025878518321250106
108.397,0.5188601188177635,-0.003055956029526319
108.447,0.5134486362651197,0.07395808020013195
108.497,0.5489216940893897,0.01897094666856916
108.546,0.5326728840517299,0.024507834147032944
108.596,0.5506224302070432,0.0819996429840588
108.646,0.535780000387649,0.07244722573834643
108.697,0.536730871837976,-0.05540354849755732
108.746,0.5372743063401358,-0.015014635654912557
108.797,0.5351501937386496,0.06078147203181686
108.847,0.5663023899078131,-0.006473667333231397
108.897,0.5368320739829636,-0.04319298317402892
108.947,0.5542435287026035,-0.01778981051971302
108.997,0.5259812811258615,0.019737045195586667
109.046,0.5328993017401512,0.05535108517436245
109.097,0.5315091766054791,-0.004144303002672726
109.146,0.5434475416016882,0.005811022641316816
109.197,0.5316014666063699,0.009273502829583198
109.246,0.5316761067220082,-0.008788939663743145
109.296,0.49169507384125405,-0.021684444326440934
109.346,0.5169650355744956,-0.03077916961791129
109.397,0.5108971436680755,-0.0161920652054876
109.446,0.509577350081041,0.08440797365387001
109.496,0.520925788056675,-0.007325750833797882
109.546,0.5108082643651133,0.04996398722877088
109.597,0.514163204377754,0.11203149989633245
109.644,0.5016568347717748,0.20962276513708267
109.696,0.5119222192107193,0.09022777682286896
109.746,0.5050711523776189,0.07244318775783562
109.797,0.5120511547129779,0.18337892545212187
109.846,0.5049112969864977,0.09913762992392042
109.897,0.4924775573260839,0.06748236034022627
109.946,0.4957446617522064,0.03614050027927246
109.996,0.4965327182824604,-0.03326691119888505
110.047,0.5068218760879198,-0.027749921202133824
110.097,0.5099252621832587,-0.02792686716870686
110.146,0.5163738911436293,-0.046688449763728865
110.197,0.4934009719082564,0.05201657922670396
110.246,0.5097807677257928,-0.02819350984222398
110.296,0.5319967832425149,-0.03830798941711681
110.346,0.5026384627994767,0.026570211258315136
110.396,0.5098366226831621,-0.08499727476350695
110.446,0.5055081219900213,0.028852200743152888
110.497,0.520474346912323,0.011137995938476891
110.546,0.5125633120580885,0.007927172962341845
110.597,0.5046873669325915,-0.01988271020458853
110.646,0.5177402073446343,0.05637298145082226
110.697,0.5360803251599071,0.003593481870911303
110.746,0.5083064283711171,0.0645531292013175
110.796,0.5289548341880824,0.016559805317747395
110.847,0.5098520841907961,-0.07153883557780924
110.897,0.5289658061524356,-0.0453576491072253
110.946,0.5221250286940792,0.12988436647535992
110.997,0.5065069512924577,-0.03279634553098944
111.046,0.5138050687522325,-0.037481570982748014
111.096,0.487015790663873,-0.09606984495550128
111.147,0.49915407333831857,-0.1020102592543463
111.197,0.5062475230386517,-0.20398617863657456
111.246,0.5054907636243928,-0.27568676014393656
111.297,0.5117845745306181,-0.38101081098757456
111.346,0.4945393097253492,-0.3581757511640486
111.397,0.5028708599732533,-0.20288584122479386
111.447,0.5066256036307755,-0.2778956326302333
111.497,0.508243070435106,-0.13064941305083616
111.547,0.5147274190044189,-0.09436385492148597
111.597,0.5239995051239691,0.015058326160815205
111.646,0.5123637539004997,-0.07547995486058971
111.697,0.52247267367407,-0.0032837210871454123
111.746,0.5048646694537294,-0.016363111439896008
111.797,0.506657541280841,0.08221931245113208
111.846,0.50294207496053,0.1009565249430861
111.897,0.5225035654142082,0.20520377767891107
111.947,0.5190644210358942,0.18930142820655504
111.996,0.5269412631671271,0.25817463632601345
112.046,0.5009251276906331,0.27103347110751574
112.097,0.513109246133125,0.23923433036066682
112.147,0.49986561569470567,0.29076590171390554
112.196,0.512030419541871,0.22076186482965626
112.246,0.4992401554380123,0.16347828450392624
112.297,0.5195367302227714,0.05955051843233242
112.347,0.5107335562537784,0.12285069784524438
112.396,0.5085095248465703,0.027208548030909056
112.446,0.5169020038045189,0.07791847601765498
112.497,0.5049661592666624,0.08755115438384295
112.547,0.5054388344082836,-0.053014725702430994
112.597,0.5174276927830713,0.05202831906587525
112.647,0.49925104456947184,0.011653887178398346
112.696,0.5169219960499731,-0.02708980558085173
112.746,0.5091254001477029,0.011994354678138407
112.797,0.5099426794719335,-0.04158474340061
112.847,0.5119931031792032,-0.002710702943420533
112.897,0.5117452528752892,0.028857374057384626
112.947,0.5094642484235474,-0.07696651826954275
112.997,0.510424521636398,0.037535771778377205
113.047,0.4950424823129553,0.022347133903891033
113.097,0.5204062736265205,0.023789462365992307
113.146,0.51217335585875,0.005990243523000599
113.197,0.49844440255267664,-0.02713250870553477
113.246,0.5180763596676738,0.01568381682655792
113.297,0.5048582875719491,0.007922442800162565
113.346,0.5214953083963457,-0.006765116781238578
113.397,0.5152251322520927,0.04767455479771696
113.446,0.520155784190184,-0.022513589172496216
113.497,0.5212086455968269,-0.035874747011480385
113.547,0.5146558440459327,0.03638415822888836
113.597,0.523089461945575,-0.04362323251213987
113.646,0.5118493889133654,0.07825640382398603
113.697,0.511879046489338,-0.04377939685289408
113.746,0.5149788574744685,0.04433350163804694
113.797,0.5269721485665616,-0.06246741389783996
113.846,0.5165693928659175,0.004803947749352535
113.896,0.5194606126795316,0.050082626050382904
113.946,0.5061812341454848,-0.030272336469849406
113.997,0.5092892773254866,0.03654402291098573
114.046,0.5183025369411608,-0.01942377308424215
114.097,0.5226032339120565,-0.024162884749319755
114.146,0.5342597792190147,0.010494412822234614
114.197,0.49406638418951304,-0.03870763100453276
114.246,0.5002529725862546,0.07585107031677728
114.297,0.4400798295642162,0.07417417335382953
114.346,0.39261456939948436,0.04103827673410755
114.397,0.3884859805145402,0.009142544668248983
114.446,0.3772257635186051,-0.09681418970968546
114.497,0.3739992440739851,-0.0024729671681786016
114.546,0.36452097714342085,-0.005785462736096157
114.597,0.360813194064984,0.04064520947917155
114.646,0.3578039466266203,0.08705390464228484
114.697,0.32170914900904196,-0.04439549402078309
114.746,0.31840750525334205,0.008517297826638204
114.797,0.31505897490569923,-0.02205160937476624
114.846,0.2841184416569136,0.03332166027856189
114.897,0.27681958921334593,-0.039160728435794524
114.947,0.2579625428753096,-0.06496286842619102
114.997,0.25524197347133415,0.05275819536005426
115.047,0.2421951534857479,0.007345168902674509
115.097,0.24170647980457552,0.021819391947743003
115.147,0.20087466866571688,0.01810833849444228
115.197,0.19242084762211756,0.05266201677351347
115.247,0.19451050056471725,0.005893562179554371
115.297,0.17588653995863832,0.0027793333337360012
115.347,0.1707389410455107,0.035751289419371036
115.397,0.16369592184308962,0.01696374005742109
115.446,0.12296813705511865,0.05730841940737242
115.497,0.1391178090669909,0.04322499025938136
115.547,0.10588116322254874,0.06742414328188741
115.597,0.10096625045598454,0.03896333246142077
115.646,0.07132568950520499,0.026838486639906425
115.697,0.08022992840860207,0.016440170882122535
115.747,0.08491394309256053,-0.01910082609410654
115.797,0.05021677191421823,-0.028088130310651046
115.847,0.03467179976298927,0.009062932626603945
115.897,0.02724468382616764,0.09552437503403238
115.946,0.008301613199718498,0.018681398316736035
115.997,0.006221569400745778,-0.01465790368494292
116.046,-0.020545932061246924,-0.04504048912082719
116.097,-0.030940705114930016,-0.018924553923218172
116.147,-0.0486472203499873,0.027024340362281886
116.197,-0.031392724588205544,0.02006554794792769
116.246,-0.036503946630501556,-0.01954226197083832
116.297,-0.04539153957941511,0.04834589716653268
116.346,-0.04906146832735079,-0.05413147309653383
116.397,-0.03997352574975298,0.040279452737711254
116.447,-0.04025023022454529,0.03105338657379142
116.497,-0.054122739782194174,-0.005431416851284474
116.546,-0.06109692411185823,-0.07352265307999822
116.597,-0.04630889354889871,0.029326691516302662
116.646,-0.05350602769779522,0.02571513449153755
116.697,-0.03877705691974254,0.04723271648288079
116.746,-0.04543005362538949,-0.04658555476825849
116.797,-0.031900932900539365,0.024850415463768986
116.846,-0.04873129558599746,0.03534653683803886
116.897,-0.03540389552263706,-0.0191220361119157
116.947,-0.045410783856346504,0.03137384222024399
116.997,-0.04331170096560794,-0.02920245991564312
117.046,-0.04579024623516847,0.08731294340835791
117.097,-0.04633357191920068,-0.030147786862892594
117.147,-0.039059904954894885,0.002053345948310215
117.197,-0.04103203786592759,0.023131233221590053
117.246,-0.05829339180791014,0.14676444193909466
117.297,-0.04309711504719571,0.022379095922608047
117.346,-0.02046095509600088,-0.0590051499905533
117.397,-0.05563044539104969,-0.035405485917589734
117.446,-0.06376321516648854,0.06199847092289954
117.497,-0.027246136439720584,-0.05806189346723471
117.546,-0.037299141106170414,-0.038093566959615306
117.597,-0.043540592771078114,-0.06657500495024223
117.646,-0.03735196962028903,0.05018477765167054
117.697,-0.044122625276846746,-0.07865653752061702
117.746,-0.03728480314120033,-0.062126898524264874
117.797,-0.03397925822520192,-0.08276402706164614
117.846,-0.05397229207380733,-0.12458732959669554
117.897,-0.05167360565043115,0.03538645789695782
117.946,-0.023703755479584237,0.07547399472141109
117.997,-0.04965862097054536,0.07580956899529702
118.046,-0.03372376954043435,0.06422483066224934
118.097,-0.04139330435566375,-0.04039475042336511
118.146,-0.028527056802444953,-0.03310897791120611
118.197,-0.03077135642008099,0.04490341008149108
118.246,-0.035641582138850644,-0.06767644881748207
118.296,-0.028925086818874103,-0.09957621846370335
118.346,-0.030299088110914113,-0.0484880632346798
118.396,-0.05271366614755972,0.06986380881455828
118.446,-0.016652281314541897,0.0647350763626112
118.497,-0.019576255670809974,-0.10646775505925153
118.546,-0.04889723079740757,0.06306379757682253
118.596,-0.04125109224438793,0.033573482002593136
118.646,-0.03206129884488772,-0.017315576073820872
118.696,-0.033111978229018,-0.0343147718404169
118.746,-0.053944477963596575,-0.016244191216583995
118.797,-0.04571998530001981,-0.03328584926065379
118.846,-0.03181450070542832,-0.0008363408928098073
118.897,-0.022423459678454206,0.048610959343936715
118.946,-0.043949424178746206,0.006440102295470857
118.996,-0.0291010692714873,-0.0542628175002687
119.046,-0.03538699896810109,-0.10959958788270635
119.097,-0.04970209277921881,0.010597701907991352
119.146,-0.034840081175064055,0.014976694222883436
119.197,-0.04856903243202331,0.017317993582582056
119.246,-0.04394342845168859,-0.003611020688332163
119.296,0.026527438274371318,-0.020435941905943923
119.346,0.028316523135846927,0.054741063530139175
119.397,0.020636345362220226,0.016754192436427336
119.447,0.05608557877439649,0.006005984900634974
119.496,0.019410513117136395,0.03394320999931776
119.546,0.018311153617988123,0.09397397045082333
119.597,0.0320324083175873,-0.032010833519207645
119.646,0.034380930274218624,-6.283009148473268e-05
119.697,0.012062854460264932,-0.12328208547150482
119.747,0.017292560054019537,0.028799528989797676
119.796,0.01963865673103208,-0.038745144083698245
119.847,0.02090567917828868,0.007903412932537383
119.897,0.018801191108285317,0.025665034399320937
119.947,0.021703009560462158,-0.06385700246971718
119.997,0.021904257466708273,0.06407380502033756
120.046,0.025791205538794444,-0.06386547524771502
120.097,0.008715293486307701,0.013492360342913644
120.146,0.02335733126959817,0.005974163648470851
120.196,0.008271463474794571,0.013218212353777417
120.246,0.02678321097801188,0.010478045332485995
120.296,0.031528163791328924,-0.01930900897700078
120.346,0.027866464817945573,-0.012770426721746
120.397,0.0256674585829548,-0.09611205024082552
120.446,0.03829426432043627,-0.08164619841248934
120.497,0.022037005124633764,0.030032143300963272
120.546,0.033579997458137924,0.09981600433980162
120.597,0.005101361569485013,-0.03013050382514418
120.646,0.03062108344285881,-0.0002074961464379167
120.696,0.020453981980170864,-0.06541634174025822
120.746,0.025932516044142526,0.06463708901561549
120.797,0.02110336879528204,0.08049442344724973
120.846,0.01678548389851051,-0.02458520582498071
120.896,0.02085066893427526,-0.009023607370967598
120.946,0.024174280718168895,0.07971260764031383
120.997,0.030271112736456145,-0.011979401284989902
121.046,0.008167561162436445,-0.05174649842830288
121.097,0.016420471123984412,0.04361817019334354
121.146,0.026173027140849455,0.02520391135135268
121.197,0.016856471064061587,0.06034053034085771
121.246,0.004318633140094643,-0.007156193744617066
121.297,0.030577757700485597,-0.026668144237317063
121.346,0.010987277646141911,-0.04281452491413636
121.396,0.030501812016995353,-0.1092245668623758
121.446,0.01785309096851013,-0.03563827327733115
121.497,0.019465663334875087,0.05702716410430071
121.547,0.010327842921943064,-0.027705501041188442
121.597,0.025390367790688595,0.0051330041323995115
121.646,0.015040562855465515,-0.0391432970948747
